species,family,order,unsexed_mass,b_brain_size,clutch_size,egg_mass,maximum_longevity_y,mortality_both,inc_duration,min_elevation,max_elevation,range_size_km2,migration,bill_total_culmen,bill_nares,bill_width,bill_depth,tarsus_length,kipps_distance,wing_chord,hand_wing_index,threat_status
Acanthisitta_chloris,Acanthisittidae,Passeriformes,7,0.37,3.9,1.34,5.17,NA,20,20,1000,4900,1,12.2,6.325,2.625,2.375,18.74,6.175,47,13.94366685,LC
Acrocephalus_arundinaceus,Sylviidae,Passeriformes,30,0.885,4.3,3.15,10.08,0.43,14,0,2000,162700,3,22.896,12.85,4.675,5.3,28.236,27.375,94.2,29.20544493,LCSpecies_specific_traits_paper_analysis
Aegithalos_caudatus,Aegithalidae,Passeriformes,8.6,0.483,9.9,0.88,11.1,0.45,15.5,0,1850,295500,1,7.02,4.225,2.6,3.325,15.57,14.125,63.3,22.24330357,LC
Aegotheles_bennettii,Aegothelidae,Caprimulgiformes,53.6,NA,NA,NA,NA,NA,NA,1,1100,5300,1,15.625,5.575,4.375,3.85,19.4,39.75,122.75,32.3646841,LC
Agapornis_roseicollis,Psittacidae,Psittaciformes,54.5,1.9,5,3.95,NA,NA,23.3,10,1700,8100,1,19.45,17.225,10.65,17.925,13.875,41.1,101,40.68597871,LC
Agelaius_phoeniceus,Icteridae,Passeriformes,52.4,1.69,3.3,3.95,20,0.542,12,0,4000,190300,3,22.625,15.36666667,5.583333333,8.875,28.525,27.74166667,116.6666667,23.98514879,LC
Alaudala_cheleensis,Alaudidae,Passeriformes,22.2,NA,3.5,2.04,NA,NA,NA,0,3300,84500,2,11.375,7.15,3.825,4.525,17.925,24.45,86.25,28.34649598, NA
Alca_torda,Alcidae,Charadriiformes,726,5.375,1,92,42,NA,36,0,20,24500,3,45.05,21.075,9.3,23.25,31.5,116.5,205,56.79864192,NT
Aleadryas_rufinucha,Pachycephalidae,Passeriformes,40.5,1.613,NA,NA,NA,NA,NA,1750,2600,4900,1,20.325,11.2,4.85,7.35,29.15,12.175,83,14.69057956,LC
Alectura_lathami,Megapodiidae,Galliformes,2340,NA,13.9,190,12.5,NA,49.5,0,1000,7700,1,37.825,20.9,12,17.45,80.625,61.725,289.75,21.46232524,LC
Alopecoenas_beccarii,Columbidae,Columbiformes,65.4,1.05,1,6.2,NA,NA,NA,0,2900,8400,1,15.575,9.1,2.075,2.8,27.5,30.5,103,29.63352418,LC
Amazona_guildingii,Psittacidae,Psittaciformes,646,NA,2,NA,28,NA,NA,125,700,100,1,41.1,33.5,22.225,34.225,27.7,82.525,262.5,31.43929075,VU
Anas_platyrhynchos,Anatidae,Anseriformes,1082,5.483,10.1,54,29.1,0.405,27.6,0,2896,378400,2,56.175,40.975,20.75,17.825,39.65,134,263.75,50.77664373,LC
Anas_zonorhyncha,Anatidae,Anseriformes,NA,NA,8,56,NA,NA,NA,5,130,100400,2,59.9,41.275,20.875,15.825,39.75,132.25,268.25,49.25722562,LC
Anhinga_anhinga,Anhingidae,Suliformes,1235,NA,3.8,35,16.4,NA,26.5,0,1000,144800,1,85.6625,78.8,11.34,13.6875,40.485,68.815,345.5,19.92164777,LC
Anhinga_rufa,Anhingidae,Suliformes,1480.06,NA,NA,NA,16,NA,22,0,2000,134800,1,84.975,69.65,9.125,12.05,44.225,156.75,343,45.6917546,LC
Anser_cygnoid,Anatidae,Anseriformes,3512.5,NA,5.5,145,31,NA,NA,587,1300,21100,3,90.325,42.45,23.825,20.3,76.1,195,422.25,46.08059494,VU
Anseranas_semipalmata,Anseranatidae,Anseriformes,2418.5,8.8,8.4,128,32,NA,26.25,0,750,15400,2,80.175,42.375,23.45,20.9,90,144,413,34.90074134,LC
Anthoscopus_minutus,Remizidae,Passeriformes,6.6,NA,4.7,0.71,NA,NA,14,10,1300,20300,1,8.4,6.65,2.55,3.6,13.45,7.375,49.5,14.90204082,LC
Antrostomus_carolinensis,Caprimulgidae,Caprimulgiformes,109,1.35,2,12.8,NA,NA,20,0,2600,22500,3,15.2,7.525,6.225,4.1,18.1,106.175,206.25,51.50960204,LC
Apaloderma_vittatum,Trogonidae,Trogoniformes,55,NA,2.5,NA,NA,NA,NA,900,3000,6400,1,14.875,9.75,8.175,7.975,15.8,47.875,123.5,38.81241317,LC
Aphelocoma_coerulescens,Corvidae,Passeriformes,77.2,2.841,3.6,5.8,16.3,0.21,18,0,30,800,1,28.8,17.7,7.925,8.95,36.825,18.85,113.75,16.48080076,VU
Aptenodytes_forsteri,Spheniscidae,Sphenisciformes,33850,46.19,1,425,40,0.168,64.4,0,NA,3300,2,94.19,53.486,13.85,17.734,47.25,6.7,179.4,3.690868066,NT
Apteryx_australis,Apterygidae,Struthioniformes,2320.51,NA,2,443,40,0.073,84.75,0,1524,500,1,125.15,2,4.525,5.675,66.95,0.1,0.1,100,VU
Apteryx_haastii,Apterygidae,Struthioniformes,2022.68,NA,1.085,425,NA,NA,NA,90,1100,500,1,150.62,6.28,5.02,5.82,77.18,0.1,0.1,100,VU
Apteryx_mantelli,Apterygidae,Struthioniformes,2330,NA,1.5,430,40,NA,87.5,60,1380,1400,1,140.575,4.35,4.3,4.475,64,0.1,0.1,100,EN
Apteryx_owenii,Apterygidae,Struthioniformes,1238.29,NA,1.07,285,83,NA,69.5,0,1000,400,1,87.375,2,3.1,3.325,60.85,0.1,0.1,100,NT
Apteryx_rowi,Apterygidae,Struthioniformes,NA,NA,NA,NA,40,NA,NA,40,600,100,1,157,2.4,4.7,5.3,84,0.1,0.1,100,EN
Aquila_chrysaetos,Accipitridae,Accipitriformes,4247.97,17.18436571,2,142,48,NA,43.2,0,5000,473400,2,56.65,34.275,18.725,27.675,97.875,223.5,604.5,36.97446098,LC
Aramus_guarauna,Aramidae,Gruiformes,1080,7.001,5.7,59.6,NA,NA,27,0,1500,130700,1,55.425,32.385,9.165,11.5725,84.5525,24.4,230.25,11.03719668,LC
Arcanator_orostruthus,Muscicapidae,Passeriformes,32.7,NA,NA,NA,NA,NA,NA,1400,1880,600,1,19.3,10.1,3.5,3.9,27.5,11.5,85.33333333,13.52941176,VU
Ardeotis_kori,Otididae,Otidiformes,8460,NA,1.8,158,26,NA,24,50,2000,32200,1,108.95,62.65,20.925,20.675,210.25,274.25,685.25,40.1075389,NT
Arenaria_interpres,Scolopacidae,Charadriiformes,136,1.345,3.9,17.9,21.42,0.236,22.8,0,260,59500,3,25.875,15.675,3.875,5.425,25.4,80.975,146.75,55.16757708,LC
Artamus_cinereus,Artamidae,Passeriformes,35.6,0.932,3.5,3.23,NA,NA,13.75,90,340,67400,1,21.75,13.45,5.675,7.55,21.475,44.8,123,36.43430999,LC
Asarcornis_scutulata,Anatidae,Anseriformes,3000,NA,8.8,72.3,NA,NA,NA,0,1400,10700,1,63.7,43.55,23.35,18.675,53.475,124.75,339.5,36.64615611,EN
Atlantisia_rogersi,Rallidae,Gruiformes,39.4,NA,2.1,9.2,NA,NA,NA,0,970,100,1,21.225,12.675,2.625,4.2,22.525,0.1,54.25,0.184630099,VU
Atrichornis_clamosus,Atrichornithidae,Passeriformes,43.1,1.7,1,3.6,NA,NA,37.75,0,40,400,1,19.94,8.25,3.3,5.1,25.51666667,4.4,76,6.02739726,EN
Balaeniceps_rex,Balaenicipitidae,Pelecaniformes,5984,22.38,1.7,161.75,36,NA,30,380,1500,8900,1,201.75,174,91.375,88.9,241,233.75,637.75,36.68142677,VU
Balearica_regulorum,Gruidae,Gruiformes,3772,NA,2.3,152,21,NA,29.5,330,2300,27700,1,67.65,36.05,16.5,17.925,223,214.25,566.5,37.97820359,EN
Baryphthengus_martii,Momotidae,Coraciiformes,165.5,NA,NA,24,NA,NA,NA,0,1500,28900,1,48.387,33.13272727,11.43848485,13.58272727,31.21969697,24.3225,149,16.09973821,LC
Batrachostomus_septimus,Podargidae,Caprimulgiformes,87.1,NA,NA,NA,NA,NA,NA,100,2500,5400,1,24.425,17.75,25.325,12.775,18.45,37.05,156.75,23.61784847,LC
Bombycilla_garrulus,Bombycillidae,Passeriformes,54.5,1.064,5,3.8,13.5,NA,14.5,160,1550,169200,3,15.75,7.575,5.1,6.1,20.675,41.3,115.5,35.77119506,LC
Brachypodius_atriceps,Pycnonotidae,Passeriformes,25.5,NA,2.4,NA,NA,NA,NA,400,850,38400,1,15.575,10,4.4,4.625,14.625,14.1,77.75,18.13508222,LC
Brachypteracias_leptosomus,Brachypteraciidae,Coraciiformes,185,NA,NA,NA,NA,NA,24,0,1500,1000,1,41.7,27.025,13.325,15.025,33.5,27,136.5,19.78436792,VU
Bucco_capensis,Bucconidae,Piciformes,54,NA,NA,NA,NA,NA,NA,0,1100,43700,1,33.525,21.95,11.25,12.675,17.225,17.225,85.75,19.9353732,LC
Buceros_rhinoceros,Bucerotidae,Bucerotiformes,2380,17.38,1.4,NA,NA,NA,41.5,10,1400,17400,1,261,215.3333333,53.025,109.45,70.175,97.25,450.75,21.66519885,NT
Bucorvus_abyssinicus,Bucorvidae,Bucerotiformes,4000,23.75,1.8,95.3,70,NA,NA,0,3257,45400,1,256.5,189.75,31.375,56.275,145.625,114.125,556,20.54886947,LC
Buphagus_erythrorhynchus,Sturnidae,Passeriformes,50.8,1.25,3,4.1,NA,NA,NA,0,3030,42400,1,19.732,12.25,5.825,7.175,20.324,35.8,119.5,29.39964905,LC
Burhinus_bistriatus,Burhinidae,Charadriiformes,787,4.66,2,NA,NA,NA,28,0,1700,14500,1,49.775,25.35,10.425,12.15,110.25,105.65,241.75,43.64129143,LC
Cairina_moschata,Anatidae,Anseriformes,2450,7.352,11,74,NA,NA,NA,0,1900,130800,1,65.2575,38.69375,22.32875,15.78375,55.21125,123.935,337.5,35.17375258,LC
Calcarius_ornatus,Emberizidae,Passeriformes,20.3,NA,4.4,2.03,4,NA,11.5,600,2500,12800,3,11.4,7.52,4.22,5.22,19.68,21.04,78.9,26.71589125,NT
Calidris_pugnax,Scolopacidae,Charadriiformes,136,1.56,3.8,21,13.92,0.665,21.5,10,549,156500,3,38.375,26.725,3.575,5.075,44.35,85,167.25,50.81698499,LC
Callaeas_wilsoni,Callaeatidae,Passeriformes,NA,NA,2.5,14.7,NA,NA,NA,50,600,2500,1,32.55,15.45,9.875,13.2,66.475,17.975,158,11.33163061,CR
Callipepla_squamata,Odontophoridae,Galliformes,184,NA,13,10.3,NA,NA,22,0,2133,17100,1,13.65,8.25,5.725,6.95,31.9,27.8,115.25,24.23587391,LC
Caloenas_nicobarica,Columbidae,Columbiformes,540,3.06,1,27.8,NA,NA,NA,0,700,29100,2,30.775,16.45,5.325,7.45,44.35,85.475,260.25,32.81760727,NT
Calonectris_borealis,Procellariidae,Procellariiformes,535,4.92,1,74,24.83,0.073,53.8,1,650,2200,3,54.9975,41.22,11.34,15.035,54.2325,186.25,347,53.67127393,LC
Calypte_anna,Trochilidae,Caprimulgiformes,4.3,NA,2,0.56,8.5,NA,16.5,0,2500,10300,2,20.325,15.65,1.425,1.7,4.433333333,32.15,49,65.62151134,LC
Calyptomena_viridis,Eurylaimidae,Passeriformes,58.5,1.05,1.7,NA,NA,NA,NA,0,1000,18600,1,16.56,9.86,5.72,6.1,20.8,16.54,99,16.71401946,NT
Campylorhamphus_procurvoides,Dendrocolaptidae,Passeriformes,33.5,NA,NA,NA,NA,NA,NA,0,500,40800,1,55.7475,50.069,4.054545455,5.309090909,19.38181818,17.25181818,93.55818182,18.4546343,LC
Cardinalis_cardinalis,Cardinalidae,Passeriformes,42.7,1.515,3,4.58,28.5,0.375,12.5,0,2500,68000,1,17.79272727,12.703,8.527,11.582,23.8,14.23,92.81818182,15.27537134,LC
Cariama_cristata,Cariamidae,Cariamiformes,1400,11.15,2.4,76,NA,NA,27,0,2100,53500,1,66.7125,37.5775,15.205,17.7975,207,38.235,358.5,10.6789811,LC
Casuarius_casuarius,Casuariidae,Struthioniformes,44000,36.35,3.9,617,12,NA,50,40,800,6800,1,104.75,26.5,13.775,19.075,287.25,0.1,300.75,0.033337907,VU
Cathartes_aura,Cathartidae,Cathartiformes,1552,9.098,2,80,20.8,NA,39.5,0,3600,274200,2,52.26,27.5975,14.435,17.2225,55.9,139.85,511,27.41452094,LC
Catharus_fuscescens,Turdidae,Passeriformes,31.9,0.9,3.8,3.4,10.1,0.364,12,0,2500,51600,3,17.22111111,10.07625,4.2775,4.16125,28.81888889,26.98625,97.44444444,27.74377649,LC
Catharus_ustulatus,Turdidae,Passeriformes,30.3,0.792,3.3,3.6,12.08,0.43,12,0,2895,153000,3,16.32,9.5,4.1,4.025,27.82,27.425,96.8,28.51083413,LC
Centropus_bengalensis,Cuculidae,Cuculiformes,161.1,2.25,2.8,NA,NA,NA,NA,10,2000,76500,1,28.7,15.725,6.7,11.125,38.325,29.65,159.25,18.59217974,LC
Centropus_unirufus,Cuculidae,Cuculiformes,184.5,NA,NA,NA,NA,NA,NA,550,760,2500,1,37.295,24.2575,9.1725,15.055,41.75,22.385,167.4675,13.56750576,NT
Cephalopterus_ornatus,Cotingidae,Passeriformes,380,NA,1,36.6,NA,NA,NA,0,1650,48400,1,54.59,37.3,19.4875,19.2375,47.15555556,45.575,263.1111111,17.1463348,LC
Cepphus_grylle,Alcidae,Charadriiformes,378,3.34,1.7,50,29.92,0.153,31.5,0,20,81300,3,38.1,22.4,5.925,9.475,29.75,66.5,154,43.15813153,LC
Cercotrichas_coryphoeus,Muscicapidae,Passeriformes,20.4,0.72,3,NA,NA,NA,14,0,1300,10400,1,15.575,9.6,3.25,3.525,28.6,6.625,73.375,9.005356827, NA
Certhia_brachydactyla,Certhiidae,Passeriformes,8.2,NA,5.9,1.16,5.75,NA,NA,0,2375,56900,1,17.57,11.075,2.025,2.575,14.83,10.825,60.7,17.67567865,LC
Certhia_familiaris,Certhiidae,Passeriformes,9,0.38984736,5.175,1.14,8.2,0.56,14.5,0,3000,234100,1,15.75,10.275,1.9,2.7,14.7,12.075,63.375,19.04136376,LC
Cettia_cetti,Sylviidae,Passeriformes,13.4,NA,4.7,1.8,7.6,NA,16.5,0,2450,84600,1,13.65,7.625,2.425,2.875,20.875,7.375,57.625,12.83024518,LC
Ceuthmochares_aereus,Cuculidae,Cuculiformes,65.8,1.33,2.4,8.6,NA,NA,NA,10,2300,49300,1,27.575,19.85,9.95,10.5,27.625,15.825,118.25,13.40220511,LC
Ceyx_cyanopectus,Alcedinidae,Coraciiformes,21.5,NA,NA,NA,NA,NA,NA,0,1500,3500,1,39.52857143,30.275,6.2,7.575,9.775,14.5,58.14285714,24.67928112,LC
Chaetops_frenatus,Turdidae,Passeriformes,55.1,NA,2,5.94,NA,NA,NA,50,3000,1500,1,24.1,13,3.733333333,4.933333333,34.625,10.3,86.375,11.81693808,LC
Chaetorhynchus_papuensis,Dicruridae,Passeriformes,37.5,0.91,NA,4.9,NA,NA,NA,300,2150,6700,1,20.34,10.65,5,7.625,18.95,23.65,105.9,22.60211438,LC
Chaetura_pelagica,Apodidae,Caprimulgiformes,23.6,0.46,4.1,1.92,15,NA,20,0,1200,65400,3,5.75,3.55,2.825,2.4,11.725,86.85,123.5,70.32475678,NT
Charadrius_alexandrinus,Charadriidae,Charadriiformes,42.3,0.895,3,9,19,0.365,26.3,0,330,148400,2,16.275,10.85,2.975,3.15,26.625,59.25,107.75,54.98527271,LC
Charadrius_vociferus,Charadriidae,Charadriiformes,96.6,1.175,4,14.5,10.92,0.619,25.1,0,2835,186200,3,21.525,13.125,3.55,4.175,34.375,83.5,158.75,52.61916019,LC
Chauna_torquata,Anhimidae,Anseriformes,4400,NA,3.9,160,NA,NA,44.5,0,1150,33600,1,46.7,21.85,13.975,15.55,125.875,184,521.75,35.29093042,LC
Chionis_minor,Chionidae,Charadriiformes,469,3.401,2.2,43.1,NA,NA,28.7,15,15,1100,2,33.55,22.575,8.575,14.5,46.325,81.1,226.25,35.82093263,LC
Chlamydotis_macqueenii,Otididae,Otidiformes,1555,NA,2.5,68,15,NA,24,5,1800,25800,1,44.2675,24.3675,11.02,9.3125,90.7525,163.845,378.31,43.3228056,VU
Chloroceryle_aenea,Alcedinidae,Coraciiformes,12.7,NA,3.5,2.4,NA,NA,NA,0,750,85200,1,31.3,24,4.96,6.44,7.9,13.6,56,24.23377535,LC
Chlorodrepanis_virens,Fringillidae,Passeriformes,13.7,NA,NA,NA,NA,NA,NA,1500,2900,500,1,20.42,11.35,3.775,4.575,22.02,13.15,66.6,20.86939426, NA
Chloropsis_cyanopogon,Chloropseidae,Passeriformes,22,NA,NA,NA,NA,NA,NA,10,1100,17100,1,18.68333333,12.8,4.2,5,19.11666667,14.86666667,83,17.76929686,NT
Chloropsis_hardwickii,Chloropseidae,Passeriformes,32.8,0.734,2.4,NA,NA,NA,NA,70,3000,29700,3,24.8,14.9,4.525,5.325,17.575,18.075,92.75,19.49529362,LC
Chordeiles_acutipennis,Caprimulgidae,Caprimulgiformes,49.9,NA,1.8,6,NA,NA,18.5,0,2500,75000,2,8.875,4.225,3.45,2.25,11.775,92.475,167.5,55.12618294,LC
Chroicocephalus_maculipennis,Laridae,Charadriiformes,339,3.25,2.4,NA,NA,NA,NA,0,1200,25700,1,39.75,16.625,4.425,8.85,42.025,159,288.25,55.1644512,LC
Chunga_burmeisteri,Cariamidae,Cariamiformes,1298,NA,NA,NA,NA,NA,NA,0,900,8400,1,59.225,29.45,14.125,16.15,144,32.1,300.3333333,10.68658257,LC
Ciccaba_nigrolineata,Strigidae,Strigiformes,458.5,7.316,1.4,NA,NA,NA,NA,0,2550,13400,1,36.65,18.4,8.975,15.975,47.4,72.45,255,28.47630688,LC
Ciconia_maguari,Ciconiidae,Ciconiiformes,4000,NA,2.8,NA,20.4,NA,30.5,0,1400,78400,2,248.5,182.3333333,26.6,35.425,258.25,248.25,576.5,43.17250411,LC
Cinclus_mexicanus,Cinclidae,Passeriformes,57.8,1.4,3.7,4.38,7.25,NA,NA,0,3500,42200,1,21.3,11.7,3.375,4.775,29.4,23.6,88.875,26.52097699,LC
Circaetus_pectoralis,Accipitridae,Accipitriformes,1500,NA,1,136,17.3,NA,51.5,0,3400,84500,1,46.475,33.75,14.75,23.275,83.075,229,532.5,43.01824234,LC
Cisticola_juncidis,Cisticolidae,Passeriformes,6.9,NA,3.8,1.09,NA,NA,13,0,1900,243700,3,11.1,6.775,2.1,2.55,17.525,6.45,49,13.1297954,LC
Climacteris_rufus,Climacteridae,Passeriformes,32.7,1.025,2.2,4.18,NA,NA,17,100,1150,6000,1,19.87,10.425,3.275,3.425,23.29,24.6,89.1,27.50774323,LC
Cnemophilus_loriae,Cnemophilidae,Passeriformes,83.5,1.85,NA,NA,NA,NA,25,1800,2400,3000,1,24.375,11.675,6.125,5.6,38.35,4.65,99.75,4.670825753,LC
Cochlearius_cochlearius,Ardeidae,Pelecaniformes,645,NA,2.8,34,NA,NA,NA,0,900,107000,1,87.225,65.9,44.075,29.325,78.025,77.525,274.5,28.25724689,LC
Colinus_virginianus,Odontophoridae,Galliformes,178,1.3,8.8,8.9,6.42,0.665,23,0,2500,55200,1,14.9,8.575,7,8.375,29.55,30.3,109.75,27.66923741,NT
Colius_striatus,Coliidae,Coliiformes,51.1,1.05,2.5,3.4,NA,NA,13.5,30,2800,74500,1,14.65,9.4,6.575,7.4,23.325,23.6,93.25,25.32994451,LC
Columba_livia,Columbidae,Columbiformes,354.5,2.403,2,17.8,35,NA,16.75,0,4270,188500,1,22.775,12.4125,4.4,4.8625,26.5625,97.7125,221.1875,44.18079137,LC
Columbina_picui,Columbidae,Columbiformes,47,0.753,2,3.4,NA,NA,NA,0,3000,55300,3,15.325,8.825,3.3,4.5,14.95,22.75,90,25.35177699,LC
Copsychus_sechellarum,Muscicapidae,Passeriformes,71,NA,NA,NA,NA,NA,19.5,0,900,100,1,25.95,16.925,5.925,6.55,37.1,18.95,116,16.3105853,EN
Corvus_brachyrhynchos,Corvidae,Passeriformes,506,7.171,4.7,17.5,20,0.053,17.7,0,2835,145600,2,49.26,35.35,13.25,17.3,56.84,109.775,311.6,35.21660781,LC
Corvus_cornix,Corvidae,Passeriformes,570,8.031,4.6,19.8,19.17,0.264,18.5,0,3200,265500,1,52.425,35.35,13.75,18.4,55,114.075,311.5,36.72221866,LC
Corvus_moneduloides,Corvidae,Passeriformes,279,7.228,2.4,NA,NA,NA,17.5,260,550,600,1,42.3,28.425,10.7,17,45.25,54.6,232.5,23.47318004,LC
Corythaeola_cristata,Musophagidae,Musophagiformes,965,NA,2,54,NA,NA,30,10,2400,36700,1,38.875,18.825,9.2,18.55,53.875,34.175,314.25,10.87931772,LC
Corythaixoides_concolor,Musophagidae,Musophagiformes,258,3.699,2.8,24,NA,NA,27,50,1400,37200,1,25.325,12.65,7.9,13.5,38.575,39.75,217,18.32474909,LC
Coturnix_japonica,Phasianidae,Galliformes,94.8,NA,9.5,8.2,14.58,NA,18.5,120,3200,49900,3,14.525,7.725,4.725,5.175,23.925,37.95,96.5,39.35244499,NT
Crotophaga_sulcirostris,Cuculidae,Cuculiformes,82.2,NA,3.7,10.3,NA,NA,13.5,0,2750,33300,1,26.85,17.4,11.8,17.175,32.8,24.75,127.75,19.31863142,LC
Crypturellus_cinnamomeus,Tinamidae,Struthioniformes,422,NA,3,NA,NA,NA,16,0,1900,9900,1,26.225,10.725,5.4,5,45.5,35.575,157.9,22.51412861,LC
Crypturellus_soui,Tinamidae,Struthioniformes,217,1.49,2,20,NA,NA,19,0,2160,86500,1,22.52222222,7.97,4.225555556,3.883333333,36.51111111,34.292,127,26.7569554,LC
Crypturellus_undulatus,Tinamidae,Struthioniformes,567,NA,4.5,48.5,NA,NA,NA,0,1400,75800,1,30.3,12.425,5.95,5.7,46.425,32.675,173.75,18.78464497,LC
Cuculus_canorus,Cuculidae,Cuculiformes,111.5,1.409,9.2,3.22,12.92,NA,12,0,5250,509000,3,25.775,15.95,8.05,7.5,20.33333333,108.175,219.75,49.20162664,LC
Daphoenositta_chrysoptera,Neosittidae,Passeriformes,11.7,0.54,2.8,1.55,NA,NA,18.75,60,600,42200,1,13.9,9.65,2.575,3.425,15.8,23.35,77.375,30.1809642,LC
Dasyornis_broadbenti,Dasyornithidae,Passeriformes,67.9,1.876,2,6.65,NA,NA,18.5,20,25,1200,1,23.04875,10.36666667,4.6,5.633333333,34.315,5.033333333,94.125,5.500881834,LC
Dicaeum_eximium,Dicaeidae,Passeriformes,7.9,NA,NA,1.03,NA,NA,NA,20,950,1700,1,9.1,5.425,3,3.25,11.85,9.175,50,18.35,LC
Dicrurus_megarhynchus,Dicruridae,Passeriformes,130,NA,NA,NA,NA,NA,NA,0,1800,600,1,37.3,24.875,10.55,12.175,26.675,39.575,171,23.10655332,NT
Donacobius_atricapilla,Mimidae,Passeriformes,36.8,NA,2.4,3.6,NA,NA,NA,0,800,77900,1,27.0825,14.8725,4.6375,5.3225,31.5425,7.73,80.25,9.633473768,LC
Dromaius_novaehollandiae,Dromaiidae,Struthioniformes,34200,28.88,8.9,581.2,16.6,NA,53.7,70,1600,51200,1,82.375,26.45,32.15,16.85,382.75,0.1,124.5,0.081413713,LC
Dromas_ardeola,Dromadidae,Charadriiformes,325,NA,1,45,NA,NA,32.5,0,100,6700,1,62.85,44.825,9.875,14.525,88.2,112,208.5,53.7254902,LC
Drymodes_brunneopygia,Petroicidae,Passeriformes,33.2,0.985,1,4.36,NA,NA,16,20,300,7200,1,15.65,8.75,3.275,3.775,35.475,12.3,90.25,13.56617876,LC
Dryoscopus_gambensis,Malaconotidae,Passeriformes,31.9,NA,2,NA,NA,NA,NA,10,3000,52200,1,22.564,12.875,5.975,7.325,25.298,10.925,88.4,12.15058553,LC
Dulus_dominicus,Dulidae,Passeriformes,48.4,1.271,4,4.81,NA,NA,15,0,1800,1400,1,18.15,9.775,4.55,6.425,22.45,18.275,89,20.49918401,LC
Dyaphorophyia_castanea,Platysteiridae,Passeriformes,14.1,NA,2,1.68,NA,NA,17,100,1800,28200,1,15.675,8.675,5.125,4.3,15.9,5.425,61.125,8.824455365,LC
Edolisoma_coerulescens,Campephagidae,Passeriformes,62.9,NA,NA,NA,NA,NA,NA,100,1000,2700,1,25.525,16.55,8.175,8.375,22.75,25.35,124.25,20.41723202, NA
Egretta_garzetta,Ardeidae,Pelecaniformes,312,NA,3.9,28,22.34,NA,21.5,0,2270,227100,2,95.975,68.05,8.8,10.775,94.05,82.825,250,33.09686572,LC
Elachura_formosa,Timaliidae,Passeriformes,5,NA,NA,NA,NA,NA,NA,300,2400,6800,1,12.975,8.175,2.4,3.125,16.825,4.25,45.75,9.285024155, NA
Emberiza_fucata,Emberizidae,Passeriformes,19.8,NA,3.9,2.64,NA,NA,NA,10,800,24000,3,13.075,7.85,4.275,5.75,20.6,14.325,73,19.49310465,LC
Eolophus_roseicapilla,Psittacidae,Psittaciformes,328,6.347,3.8,14.4,26.3,NA,23.7,10,1300,68400,1,30.85,23.15,19.075,27.75,22.525,112.55,251,44.83957063,LC
Eremophila_alpestris,Alaudidae,Passeriformes,31.2,0.84,3.2,3.2,8,0.323,11,0,4267,467100,3,13.425,9.225,4.05,4.825,23.35,41.25,105.75,39.01121291,LC
Erithacus_rubecula,Muscicapidae,Passeriformes,17.7,0.648,5.1,2.4,19.33,0.62,13.7,0,1800,173100,3,13,6.95,2.925,3.3,24.15,12.65,69,18.33768811,LC
Erpornis_zantholeuca,Timaliidae,Passeriformes,11.8,0.61,NA,1.4,NA,NA,NA,20,1700,39900,1,14.025,8.45,3.2,4,15.525,11.025,63.375,17.39659508,LC
Erythrocercus_mccallii,Monarchidae,Passeriformes,7.2,NA,2,NA,NA,NA,NA,0,1500,18800,1,10.762,5.85,2.95,2.825,14.96,4.1,47.4,8.730610059,LC
Eubucco_bourcierii,Ramphastidae,Piciformes,37,NA,3.2,NA,NA,NA,15,300,2500,4600,1,19.75,14.85,5.5,8.375,19.55,10.575,71.5,14.771018,LC
Eudromia_elegans,Tinamidae,Struthioniformes,703.5,2.49,5.5,43,NA,NA,20.5,0,3000,19300,1,28.382,13.8,7.12,7.324,43.712,74.038,215.782,34.34742757,LC
Eulacestoma_nigropectus,Falcunculidae,Passeriformes,20,0.91,NA,NA,NA,NA,NA,2100,2500,2800,1,15.175,7.325,3.925,8.4,19.05,9.175,69.375,13.23077553,LC
Eurypyga_helias,Eurypygidae,Eurypygiformes,210,2.48,2,28.5,15,NA,30,0,1830,76900,1,58.15,41,2.975,8.7,49.1,33.55,209.75,15.97622177,LC
Eurystomus_gularis,Coraciidae,Coraciiformes,96.3,NA,2.5,12.2,NA,NA,NA,100,1600,27000,1,25.175,15.2,11.425,12.525,17.775,61.75,146.25,42.40935087,LC
Falco_cherrug,Falconidae,Falconiformes,966,NA,4,53,25,NA,29.5,800,4700,133600,3,34.875,21.8,15.375,18.2,54.975,190.5,382.25,49.92997391,EN
Falco_peregrinus,Falconidae,Falconiformes,697.5,6.228,3.3,48,25,0.315,34,0,4300,657000,2,38.95,19.275,13.85,15.775,42.2,170.25,307,55.42239926,LC
Falcunculus_frontatus,Falcunculidae,Passeriformes,28.1,1.188,2.6,3.26,NA,NA,18.25,10,1200,13200,1,20.025,10.175,4.8,10.7,19.45,17.875,89,20.04728153,LC
Ficedula_albicollis,Muscicapidae,Passeriformes,12.7,0.458,5.9,1.6,9.83,0.565,12.8,10,1100,35200,3,11.875,6.075,3.825,3.2,16.225,22.85,79.25,28.830186,LC
Formicarius_rufipectus,Formicariidae,Passeriformes,74.4,1.35,NA,NA,NA,NA,NA,750,2400,3300,1,26.775,13.1,5.625,6.625,35.75,11.8,92.625,12.76119391,LC
Fregata_magnificens,Fregatidae,Suliformes,1499.3,NA,1,88,34,NA,50.7,0,100,8200,3,124.45,95.9,25.225,22.025,31.125,413,645.25,63.97294072,LC
Fregetta_grallaria,Hydrobatidae,Procellariiformes,51.6,0.9,1,10.8,NA,NA,NA,0,NA,1200,3,19.725,8.7,3.275,4.35,36.85,98.425,169,58.26050466,LC
Fulmarus_glacialis,Procellariidae,Procellariiformes,613,6.33,1,98,51,0.03,48,0,340,28600,3,40.175,23.625,12.55,14,49.85,162.5,317.5,51.14210464,LC
Furnarius_figulus,Furnariidae,Passeriformes,28,NA,2,NA,NA,NA,20,0,900,15900,1,21.13,13.592,3.548,4.08,25.764,13.284,84.03,15.80581964,LC
Galbula_dea,Galbulidae,Piciformes,27.4,NA,NA,NA,NA,NA,NA,0,1100,50200,1,56.6,47.15,6.025,8.175,13.2,23.775,90.25,26.16900337,LC
Gallus_gallus,Phasianidae,Galliformes,904,NA,5.7,29.6,30,NA,19,42,2900,33400,1,28.65,14.15,8.8,8.525,65.9,47.975,206,23.21714883,LC
Gallus_lafayettii,Phasianidae,Galliformes,766.3,NA,2,NA,NA,NA,NA,0,2300,1100,1,34.425,15.675,9.175,9.533333333,67.825,40.75,199.25,20.42484239,LC
Gallus_sonneratii,Phasianidae,Galliformes,855.3,3.082,4.5,33.45,NA,NA,20.5,50,2400,8300,1,33.46666667,14.93333333,9.125,9.15,65.825,45.175,213.5,21.2538904,LC
Gallus_varius,Phasianidae,Galliformes,914.3,NA,3.5,29.2,NA,NA,NA,50,3000,4400,1,28.76666667,13.7,8.725,9.325,63.625,40.6,196.75,20.65508386,LC
Gavia_stellata,Gaviidae,Gaviiformes,1486,5.405,1.8,83,23.7,NA,26.3,0,1070,442900,3,61.625,37.4,7.125,11.925,63.9,130.725,274.5,47.54076882,LC
Geococcyx_californianus,Cuculidae,Cuculiformes,376,3.55,4.3,19.2,9,0.4,19.5,0,2500,34200,1,57.35,35.35,10.075,12.65,59.75,12,184,6.475186807,LC
Geospiza_fortis,Emberizidae,Passeriformes,24,NA,4,NA,NA,0.22,12,0,1000,800,1,17.74,12.125,8.1,11.15,21.04,13.525,70.6,19.03296593,LC
Glareola_pratincola,Glareolidae,Charadriiformes,84.9,NA,3,10.1,NA,NA,18,0,2200,116900,3,20.2,9.95,4.925,6,31.15,110.6,182.25,60.67012992,LC
Glaucidium_brasilianum,Strigidae,Strigiformes,70.8,2.51,3.7,9.4,NA,NA,26,0,2200,125400,1,17.325,10.275,5.85,10.9,15.275,18.675,94.75,19.7465315,LC
Grallaria_varia,Formicariidae,Passeriformes,119,NA,2,NA,NA,NA,17,0,1550,31900,1,28.565,17.07,6.97,10.3525,50.0625,9.8475,117.5,8.352943441,LC
Grantiella_picta,Meliphagidae,Passeriformes,21.5,0.7,2.1,2.18,NA,NA,14,190,460,6800,3,16.71,8.95,3.4175,3.8875,17.57,29.5025,85.38,34.54294628,VU
Grus_americana,Gruidae,Gruiformes,5826,NA,2,209,40,0.18,32.5,0,945,6100,3,148.75,77.075,13.1,21.975,288.75,258.75,605.75,42.71799088,EN
Gymnogyps_californianus,Cathartidae,Cathartiformes,8450,NA,1,280,45,NA,NA,450,2000,1400,1,96.475,65.325,33.175,39.025,115.75,323.5,788,41.07197132,CR
Gymnorhina_tibicen,Cracticidae,Passeriformes,286.5,5.048,4,16.2,21,0.15,20,0,900,65800,1,60.7,35.65,12.4,16.525,57.775,101.025,268.125,37.69328428,LC
Halcyon_senegalensis,Alcedinidae,Coraciiformes,74.5,1.45,2.9,8.4,NA,NA,13.5,2,1500,131800,1,43.2,34.35,11.675,12.175,12.75,20.925,99.75,20.97777778,LC
Haliaeetus_albicilla,Accipitridae,Accipitriformes,4793,NA,1.9,142,42,NA,38,0,750,340000,2,75.8,46.15,22.9,34.225,94.525,227.25,598.125,38.01631482,LC
Haliaeetus_leucocephalus,Accipitridae,Accipitriformes,4740,17.921,2,117,48,0.107,35,0,2006,168800,3,76.025,48.2,23.95,34.1,81.675,248.75,601.75,41.38358163,LC
Heliornis_fulica,Heliornithidae,Gruiformes,132,NA,3,6.43,NA,NA,10.5,0,914,88200,1,32.325,16.275,4.175,6.775,22.4,51.325,141.75,36.24746303,LC
Hemignathus_wilsoni,Fringillidae,Passeriformes,28,NA,NA,1.5,NA,NA,NA,1340,2700,200,1,26.37,22.25,5.49,6.54,23.435,16.43,77.86,21.10285015, NA
Hemiprocne_comata,Hemiprocnidae,Caprimulgiformes,20.8,NA,1,NA,NA,NA,21,5,1000,25400,1,5.55,3.15,3.275,1.9,6.35,68.75,122.375,56.20015714,LC
Herpetotheres_cachinnans,Falconidae,Falconiformes,625,7.099,1,65,NA,NA,43,0,1800,120400,1,32.74125,18.2825,12.38125,20.38875,58.4725,50.9425,268.75,18.91901753,LC
Himantopus_himantopus,Recurvirostridae,Charadriiformes,161,1.9,3.7,21.8,12.17,NA,24.75,0,3200,244100,2,63.4,47.15,4.25,4.625,113.75,115.5,220.75,52.21125443,LC
Hippolais_icterina,Sylviidae,Passeriformes,13.2,0.483,4.6,1.7,10.83,NA,13,0,1500,107700,3,19.725,9.1,3.7,3.35,19.1,23.7,76.875,30.82891758,LC
Hirundo_rustica,Hirundinidae,Passeriformes,19.3,0.542,4.5,1.9,16,0.66,15.3,0,3048,567200,3,11.57125,6.2075,4.61375,2.69375,11.0475,57.40625,110.375,51.98520693,LC
Horornis_vulcanius,Sylviidae,Passeriformes,NA,NA,NA,NA,NA,NA,NA,0,3700,4900,1,13.73,7,2.725,2.725,22.8,7.375,50.9,14.35655043, NA
Hydrobates_tethys,Hydrobatidae,Procellariiformes,22.6,0.6,1,5.7,NA,NA,41.5,0,140,800,3,13.225,8.275,1.925,3.45,21.875,78.5,132.25,59.37724734,LC
Hylia_prasina,Sylviidae,Passeriformes,13.1,NA,1,1.98,NA,NA,NA,0,2100,37800,1,12.73858,7.925,3.125,3.45,18.31428,7.95,63.2858,12.58663633,LC
Hypocnemis_ochrogyna,Thamnophilidae,Passeriformes,12.3,NA,2,2.2,NA,NA,NA,100,1300,4400,1,15.425,8.775,4,4.05,19.9,4.7,55.375,8.488783193,LC
Hypocryptadius_cinnamomeus,Zosteropidae,Passeriformes,30,1.04,NA,NA,NA,NA,NA,1000,2500,800,1,17.55,10.275,4.15,5.5,21,19.725,89.625,22.00234895,LC
Ibidorhyncha_struthersii,Ibidorhynchidae,Charadriiformes,294,NA,4,37,NA,NA,NA,500,4400,46200,2,78,63.75,5.525,6.3,44.1,100.75,232,43.44983258,LC
Ifrita_kowaldi,Orthonychidae,Passeriformes,32.1,1.25,NA,NA,NA,NA,NA,2000,2900,2900,1,16.375,10,4.075,4.75,26.55,9.8,80.25,12.19271528,LC
Illadopsis_cleaveri,Timaliidae,Passeriformes,30.8,NA,2,3.7,NA,NA,NA,0,1800,11400,1,16.09,8.675,3.175,4.35,25.62166,4.2,70.1,6.124838776,LC
Indicator_maculatus,Indicatoridae,Piciformes,46.8,NA,2,NA,NA,NA,NA,0,2100,24200,1,13.325,7.625,4.625,5.8,15.5,19.2,98,19.63893076,LC
Irena_cyanogastra,Irenidae,Passeriformes,80.3,NA,NA,NA,NA,NA,NA,160,1500,4800,1,28,19.2625,8.55,11.5375,21.8125,28.05,132.02625,21.23068114,NT
Jacana_jacana,Jacanidae,Charadriiformes,108.3,NA,3.7,9.7,NA,NA,28,0,1500,121500,1,34.025,17.5,3.875,5.825,52.825,28.3,127.75,22.17520831,LC
Junco_hyemalis,Emberizidae,Passeriformes,18.6,0.853,4.1,2.13,11.33,0.51,12.8,0,3352,165300,3,11.98,7.75,4.525,5.125,20.9,16.5,75.2,22.12436869,LC
Lanius_ludovicianus,Laniidae,Passeriformes,51.8,1.399,5.1,4.6,12.5,NA,16,0,3000,84400,3,21.15,12.35,5.625,9.375,26.625,21.15,95,22.27728001,LC
Larus_smithsonianus,Laridae,Charadriiformes,1085,6.69,2.6,87.5,49,0.073,30,0,1341,140200,2,66.675,24.35,8.525,18.075,64.65,236.75,423.75,55.88318196,LC
Leiothrix_lutea,Timaliidae,Passeriformes,21.4,0.917,NA,2.77,15,NA,12.75,150,3400,28300,1,13.496,7.075,3.45,4.525,23.717,8.625,68,12.74622441,LC
Lepidothrix_coronata,Pipridae,Passeriformes,8.22,NA,2,NA,NA,0.42,18,900,1350,29600,1,10.42638889,6.520634921,3.673015873,3.416031746,13.9494697,10.43016667,57.03786364,18.39193479,LC
Leptocoma_aspasia,Nectariniidae,Passeriformes,8,NA,2.4,NA,NA,NA,NA,0,1400,21500,1,19.95748481,15.28,3.38,2.96,13.89324572,9.46,54.22399896,17.60154717,LC
Leptosomus_discolor,Leptosomidae,Leptosomiformes,255,NA,NA,NA,NA,NA,20,0,2050,7400,1,46.725,19.825,9.125,13.3,31.6,67.75,249.25,27.17349821,LC
Leucopsar_rothschildi,Sturnidae,Passeriformes,91.3,NA,3,7.2,25,NA,NA,0,240,200,1,31.676,17.95,6.525,8.925,35.166,26.075,131.6,19.93340598,CR
Limosa_lapponica,Scolopacidae,Charadriiformes,292.5,2.77,3.8,37,33.08,NA,20.5,0,400,26500,3,92.875,75.125,5.275,7.9,52.125,123,213.5,57.60003782,NT
Locustella_ochotensis,Sylviidae,Passeriformes,18.5,NA,5.5,2.2,NA,NA,NA,0,10,15800,3,16.15,9.375,2.925,3.45,24.5,20.45,69.375,29.53866253,LC
Lonchura_striata,Estrildidae,Passeriformes,12.3,0.463,5,0.95,10,NA,NA,0,2500,74700,1,12.1,8.3625,6.55,7.8625,12.9875,10.8625,50.9375,21.34487148,LC
Lophotis_ruficrista,Otididae,Otidiformes,714,NA,1.5,49,NA,NA,NA,250,1400,21500,1,38.3,22,8.725,8.25,83.95,96.525,257.75,37.46030633,LC
Loxia_curvirostra,Fringillidae,Passeriformes,40.6,1.415,3.4,2.95,16.08,NA,14.5,0,4100,319500,2,20.2,16.1,6.325,11.175,15.9,33.6,96.875,34.69451921,LC
Loxia_leucoptera,Fringillidae,Passeriformes,29,1.113,3.8,2.54,4,NA,14.5,120,2500,231700,3,19.225,13.4,4.225,8.575,15.375,30.625,85.75,35.73758478,LC
Machaerirhynchus_nigripectus,Machaerirhynchidae,Passeriformes,12,0.59,2,225,NA,NA,NA,1300,2600,4900,1,14.975,7.075,7.775,2.975,16.025,11.575,58.875,19.66705968,LC
Malurus_elegans,Maluridae,Passeriformes,9.6,0.567,2.5,1.11,NA,0.19,15,30,220,1500,1,14.075,6.15,2.925,2.6,22.675,5.475,49.25,11.0593754,LC
Manacus_manacus,Pipridae,Passeriformes,15.2,0.547,2,2.1,NA,0.263,18.5,0,1100,69900,1,11.716,6.57,4.226,3.648,18.56333333,8.17,52.5,15.69798372,LC
Melanocharis_versteri,Melanocharitidae,Passeriformes,15,0.535,NA,NA,NA,NA,NA,1700,2600,4500,1,12.45334,6,3.625,4.15,22.39,9.8,64.55,15.09421007,LC
Meleagris_gallopavo,Phasianidae,Galliformes,6050,7.973,11.2,78.8,13,0.394,28,3,2835,68800,1,50.8,25.85,17.475,15.3,149.25,115,447.5,25.98130925,LC
Melopsittacus_undulatus,Psittacidae,Psittaciformes,29,1.175,4.9,2.15,21,NA,19,5,300,52400,2,12.7,11.25,7.3,10.95,12.475,48.4,95.25,50.82055221,LC
Melospiza_melodia,Emberizidae,Passeriformes,20,0.927,4,2.62,12,0.451,12.6,0,3000,152400,2,13.425,8.5,5.175,6.85,21.2,13.525,65.75,20.63416854,LC
Menura_novaehollandiae,Menuridae,Passeriformes,980,9.679,1,61.5,NA,NA,50.2,10,1400,3900,1,42.57,16.625,6.65,7.5,109.18,5.675,284.1,1.970630487,LC
Merops_nubicus,Meropidae,Coraciiformes,46.4,NA,3.4,5.8,NA,NA,NA,800,2500,55600,2,38.175,28.25,6.3,8.1,13.65,57.55,143.5,40.10435143,LC
Mesembrinibis_cayennensis,Threskiornithidae,Pelecaniformes,756,6.24,2.5,44.5,NA,NA,NA,0,1200,97800,1,116.26625,92.49875,11.67,16.085,60.3625,76.525,298.25,24.94867571,LC
Mesitornis_unicolor,Mesitornithidae,Mesitornithiformes,148,NA,1,NA,NA,NA,NA,0,1200,1600,1,21.36666667,8.466666667,3.033333333,4.433333333,39.36666667,10.46666667,115,9.107669617,VU
Mionectes_macconnelli,Tyrannidae,Passeriformes,13.5,NA,3,NA,NA,NA,19,0,2000,29500,1,12.77,7.961666667,4.078333333,3.275,15.59666667,9.4975,58.5,16.48136874,LC
Mohoua_ochrocephala,Acanthizidae,Passeriformes,27.8,NA,3,3.55,NA,NA,20.75,10,500,1900,1,13.92,8.05,3.65,5.1,30.92,15.525,79.4,19.28154498,EN
Molothrus_ater,Icteridae,Passeriformes,43.4,1.145,4.4,3.12,16.92,NA,NA,0,3414,137300,3,17.15,11.075,5.35,8.75,24.25,33.9,102.75,32.97972379,LC
Motacilla_alba,Motacillidae,Passeriformes,21,0.53,5.5,2.3,13.67,0.498,12.6,0,2170,596200,3,15.9625,9.675,3.475,3.525,23.0875,26.8625,88.25,30.43598374,LC
Myiagra_hebetior,Monarchidae,Passeriformes,20.2,NA,2,2.5,NA,NA,NA,200,1500,1800,1,17.5225,10.7125,5.1525,4.27,22.06,9.345,70.17,13.28443999,VU
Mystacornis_crossleyi,Vangidae,Passeriformes,24.5,NA,NA,NA,NA,NA,NA,200,1650,1800,1,21.43,13.4,3.75,4.25,24.63,5.775,69.5,8.315359353,LC
Neodrepanis_coruscans,Philepittidae,Passeriformes,6.5,NA,NA,NA,NA,NA,NA,800,1500,2000,1,25.76,21.875,3.75,3.825,15.32,8.475,45.2,19.44116632,LC
Neopipo_cinnamomea,Tyrannidae,Passeriformes,7.7,NA,NA,NA,NA,NA,NA,0,700,12600,1,10.525,6.6,2.875,2.75,13.75,10.55,51,20.68594546,LC
Nesospiza_acunhae,Emberizidae,Passeriformes,28.6,NA,NA,NA,NA,NA,NA,40,449,100,1,15.4,10.325,5.325,7.8,24.675,16.625,83,20.01744784,VU
Nestor_notabilis,Psittacidae,Psittaciformes,867.5,14.4,2.5,26,47,NA,24.5,600,3000,1800,1,59.025,46.2,15.925,28.675,45.1,106.325,308.5,34.48747281,VU
Nicator_chloris,Pycnonotidae,Passeriformes,46.2,1.284,1.3,3.55,NA,NA,17.5,70,1500,37200,1,21.45126,11.6,3.975,6.375,27.34876,14.275,104.95,13.3223419,LC
Nipponia_nippon,Threskiornithidae,Pelecaniformes,1900,NA,3,NA,25.8,NA,29,100,2000,7600,1,170.25,145.75,18.825,22.675,79.125,142.825,394.75,36.21470956,EN
Nothocercus_julius,Tinamidae,Struthioniformes,NA,NA,NA,NA,NA,NA,NA,1700,3500,4400,1,32.955,10.045,4.6175,6.1475,58.7875,31.925,191.2525,16.7234717,LC
Nothocercus_nigrocapillus,Tinamidae,Struthioniformes,NA,NA,NA,NA,NA,NA,NA,1300,3000,2700,1,31.446,9.0575,4.5475,5.846,65.62,28.416,181.886,15.66157753,VU
Nothoprocta_ornata,Tinamidae,Struthioniformes,621.5,2.849,6,39,NA,NA,22,2000,4700,7700,1,30.926,18.056,7.334,7.098,38.316,48.444,185.554,26.12276858,LC
Nothoprocta_pentlandii,Tinamidae,Struthioniformes,303,NA,6.3,NA,NA,NA,21,200,4100,10500,1,27.88888889,14.65555556,5.944444444,5.866666667,36.95555556,33.51111111,148.2222222,22.63301117,LC
Nothoprocta_perdicaria,Tinamidae,Struthioniformes,458,NA,6.3,NA,NA,NA,NA,400,2000,3200,1,25.6875,13.5375,5.85,5.525,34.725,43.7625,162.75,26.86939481,LC
Notiomystis_cincta,Meliphagidae,Passeriformes,93.5,NA,4,3.1,NA,NA,15.75,60,240,500,1,20.025,9.025,3.625,3.975,26.85,25.75,102.125,25.18721149,VU
Numida_meleagris,Numididae,Galliformes,1299,4.08,8.4,39.4,NA,NA,25.5,0,3000,136300,1,27.275,17.55,11.75,13.875,69.125,52.525,248,21.1122201,LC
Nyctibius_bracteatus,Nyctibiidae,Caprimulgiformes,52,NA,NA,NA,NA,NA,30,0,600,1800,1,19.2575,5.85125,3.625,3.34375,7.4925,68.91,162.625,42.27868127,LC
Nyctibius_grandis,Nyctibiidae,Caprimulgiformes,547,NA,1,42,NA,NA,30,0,1200,73400,1,47.75,16.375,7.225,7.925,16.775,164,375.25,43.9684834,LC
Nycticryphes_semicollaris,Rostratulidae,Charadriiformes,76.6,NA,2,11.3,NA,NA,NA,10,500,25300,2,43.175,34.15,3.525,5.5,34.55,31.825,101.5,31.3460796,LC
Nyctiprogne_leucopyga,Caprimulgidae,Caprimulgiformes,27.3,0.46,NA,NA,NA,NA,NA,0,500,43200,1,10.725,4.3,2.125,2.275,12.5,67.475,135.75,49.58584542,LC
Oceanites_oceanicus,Hydrobatidae,Procellariiformes,32,0.71,1,9.4,NA,NA,38,0,NA,9500,3,16.075,7.075,2.975,3.75,34.675,86.55,147.75,58.57520983,LC
Odontophorus_gujanensis,Odontophoridae,Galliformes,314.5,NA,4,15.4,NA,NA,26,0,2000,60100,1,19.48166667,11.17833333,7.941666667,11.21,37.39666667,18.76833333,141.5833333,13.30067667,NT
Oenanthe_oenanthe,Muscicapidae,Passeriformes,23.2,0.639,5.8,2.67,10.08,0.54,13,0,3200,449600,3,15.4,9.875,3.675,3.6,28.2,31.275,93.625,33.41327111,LC
Onychorhynchus_coronatus,Tyrannidae,Passeriformes,14,0.5,2,1.76,NA,NA,NA,0,1400,53400,2,22.067,13.75583333,7.385833333,4.528333333,15.45884615,15.65333333,74.2,21.18605199,LC
Opisthocomus_hoazin,Opisthocomidae,Opisthocomiformes,696,3.89,3,29.35,NA,NA,32,20,1000,62300,1,31.2,15.7,10.1,13.65,55.425,47.675,323,14.76297274,LC
Oreocharis_arfaki,Melanocharitidae,Passeriformes,19.7,0.69,NA,NA,NA,NA,NA,2200,2700,4300,1,11.75,6.15,3.325,3.8,18.6,13.75,69.8,19.62620849,LC
Oreotrochilus_melanogaster,Trochilidae,Caprimulgiformes,9.1,NA,2,NA,NA,NA,NA,3100,4800,1200,1,23.35,17.925,2.575,2.4,8.075,41.95,71.75,58.48422832,LC
Origma_solitaria,Acanthizidae,Passeriformes,14.4,0.85,3,2.57,NA,NA,23.75,0,1110,1000,1,14.448,7.825,2.8,2.95,22.72,8.475,65.6,12.9921912,LC
Oriolus_oriolus,Oriolidae,Passeriformes,79,1.448,3.5,7.3,14.83,NA,16.5,0,2000,133100,3,27.925,18.25,7.325,8.025,21.6,58.125,151.375,38.39377802,LC
Orthonyx_spaldingii,Orthonychidae,Passeriformes,152,2.9,1,11.8,NA,NA,25,100,1100,700,1,22.23,11.625,4.975,6.675,42.54,13.45,122.1,11.15101116,LC
Oxylabes_madagascariensis,Sylviidae,Passeriformes,23.3,NA,2,NA,NA,NA,NA,200,1300,2000,1,17.13,9.6,3.1,4.4,21.99,5.1,65.2,7.824706694,LC
Oxyruncus_cristatus,Cotingidae,Passeriformes,42,NA,2,NA,NA,NA,19.5,500,1800,19900,1,11.14,3.425,2.975,2.475,13.07,80.9,115,67.33313275,LC
Pachycephala_philippinensis,Pachycephalidae,Passeriformes,22.3,NA,2.4,NA,NA,NA,NA,160,1500,5800,1,16.875,10.75,4.4,5.325,20.1,12.225,80.5,15.17764304,LC
Pachyramphus_minor,Cotingidae,Passeriformes,36.6,NA,4.9,4.05,NA,NA,NA,0,1000,60400,2,19.19666667,13.4825,8.365,7.59375,20.53555556,18.04,88.88888889,20.281566,LC
Pandion_haliaetus,Accipitridae,Accipitriformes,1485.5,9.235,2.8,72,32,NA,38,0,2530,447600,3,43.025,28.525,17.7,19.025,52.35,205.75,488.75,42.15807269,LC
Panurus_biarmicus,Timaliidae,Passeriformes,13.9,0.552,5.9,1.88,6.92,0.57,12,0,3050,55000,2,9.375,5.825,3.175,3.4,18.95,13.1,60,21.81132677,LC
Paradisaea_raggiana,Paradisaeidae,Passeriformes,219,NA,2,12.2,12.1,NA,18,0,1800,4000,1,36.45,28.1,9.225,10.9,41.59,37,186.5,19.68085106,LC
Pardalotus_punctatus,Pardalotidae,Passeriformes,8.7,0.355,4.1,1.43,NA,NA,19,10,1562,23800,1,7.04,4.275,3.4,3.875,17.1,13.7,55.44,24.82831009,LC
Parus_major,Paridae,Passeriformes,18.3,0.807,8.1,1.68,15.42,0.472,14,0,3660,274100,1,11.2125,8.25,4.05,4.3875,17.2125,13.0125,67.875,19.18394538,LC
Passer_domesticus,Passeridae,Passeriformes,27.7,0.858,4.1,2.89,23,0.39,12,0,2300,466600,1,13.6475,9.2425,6.46,7.66375,17.85625,18.2,72.6875,25.709883,LC
Passerina_amoena,Emberizidae,Passeriformes,15.5,NA,3.7,1.89,9.92,NA,NA,50,3000,38500,3,11.88571429,7.114285714,4.514285714,6.257142857,16.31428571,15.31428571,68.71428571,22.22613148,LC
Patagioenas_fasciata,Columbidae,Columbiformes,351.15,2.198994037,1.2,16.5,29.2,NA,19.5,420,3300,42100,1,25.45,18.85,8.125,6.9,25.6,74.65,205.875,36.2347931,LC
Pedionomus_torquatus,Pedionomidae,Charadriiformes,63.2,0.77,3.7,10,NA,NA,23,79,110,1200,1,16.05,7.475,3.325,3.775,24.75,26.15,86,30.5698077,EN
Pelecanoides_urinatrix,Pelecanoididae,Procellariiformes,141,1.69,1,21,9,NA,53,20,50,4800,2,28.625,13.075,6.4,6.65,22.425,56.775,119,47.71218494,LC
Pelecanus_crispus,Pelecanidae,Pelecaniformes,9550,NA,2,185,35.3,NA,31,0,10,12400,2,414,377,50.65,48.5,117.575,297.5,687.725,43.28592922,VU
Penelope_pileata,Cracidae,Galliformes,1260,NA,3,114,NA,NA,NA,20,600,6300,1,40.4975,17.47125,9.59625,11.6525,85.3525,30.965,321.125,9.643403016,VU
Peucedramus_taeniatus,Peucedramidae,Passeriformes,11,NA,3.6,1.47,NA,NA,NA,1000,3500,12000,2,13.95,8.15,2.975,2.875,18.725,19.275,70,27.55913582,LC
Phaethon_lepturus,Phaethontidae,Phaethontiformes,329.7,NA,1,45,NA,NA,41,20,260,1900,3,54.025,40.675,6.875,15.5,20.05,188.5,268,70.3792781,LC
Phaetusa_simplex,Laridae,Charadriiformes,235,3,2.4,NA,NA,NA,NA,0,300,57200,2,71.45,44.8,8.525,14.325,24.15,163.85,289.5,56.56018115,LC
Phainopepla_nitens,Bombycillidae,Passeriformes,22.1,0.799,2.5,2.58,NA,NA,14,0,2400,20400,1,13.6,8.05,4.475,4.325,16.775,16.625,98.5,16.87883995,LC
Phalacrocorax_auritus,Phalacrocoracidae,Suliformes,1817,NA,3.2,48,22.5,0.15,26.5,0,2054,54000,2,68.15,49.8,11.975,16.95,64.225,126.75,311.75,40.73005708,LC
Phalacrocorax_brasilianus,Phalacrocoracidae,Suliformes,1244.8,NA,3.3,42,12.6,NA,25.3,0,3600,189700,1,61.36333333,44.60666667,11.53333333,14.89833333,48.02833333,91.8375,276.125,32.38247449,LC
Phalacrocorax_carbo,Phalacrocoracidae,Suliformes,2571.2,8.902,3.7,58,27.17,0.121,29.5,0,853,191300,2,84.25,63.15,14.575,21.225,70.65,136.25,352.25,38.68346865,LC
Phalacrocorax_harrisi,Phalacrocoracidae,Suliformes,3050,NA,2.5,69.3,12.67,0.085,35,0,0,600,1,91.2,67.225,13.275,20.45,70.475,43.5,188.75,22.97719542,VU
Phalacrocorax_pelagicus,Phalacrocoracidae,Suliformes,1856.5,NA,3.5,44,17.83,NA,29.5,0,50,30900,1,51.75,38.8,8.525,10.375,54.75,86.975,258.25,33.65355922,LC
Phasianus_colchicus,Phasianidae,Galliformes,1135,3.556,11,31.5,27,0.745,25.5,0,3500,80800,1,38.475,22.05,13.075,11.1,61,54.7,238.75,22.90655636,LC
Pheucticus_melanocephalus,Cardinalidae,Passeriformes,47.2,NA,3.5,4.18,25,NA,13,0,3300,54500,3,18.36,13,8.775,11.725,21.7,23.4,99.4,23.48356121,LC
Phoenicopterus_ruber,Phoenicopteridae,Phoenicopteriformes,3065.8,10.8,1,142,44,0.027,29.5,0,100,4600,1,125.25,89.5,26.575,36.35,282,190.5,400.5,47.56492862,LC
Phylloscopus_trochilus,Sylviidae,Passeriformes,8.7,0.299,6.1,1.2,11.8,0.635,13.2,0,1800,241000,3,11.625,6.075,2.45,2.475,19.525,16.725,65,25.7244377,LC
Piaya_cayana,Cuculidae,Cuculiformes,102,1.826,2.4,11.3,NA,NA,18,0,3000,137100,1,32.64,18.92,8.606363636,10.42,35.166,15.10181818,144.7272727,10.43521156,LC
Picathartes_gymnocephalus,Picathartidae,Passeriformes,196,3.625,2,15.2,NA,NA,20,0,800,2500,1,34.14,18.25,6.125,10.4,62.794,7.175,155.8,4.502756285,VU
Picoides_pubescens,Picidae,Piciformes,21.6,1.208,4.6,2.5,11.92,NA,12,0,3657,166700,1,15.388,12.224,4.73,4.672,15.536,25.258,89.6,28.17223792,LC
Piprites_chloris,Pipridae,Passeriformes,16,0.98,NA,NA,NA,NA,NA,0,1100,57900,1,12.02,7.18,4.426,4.712,16.92,16.734,66,25.36405246,LC
Pitta_sordida,Pittidae,Passeriformes,64.5,1.232,3.2,6.55,NA,NA,15.5,0,1200,46500,3,24.457,14.633,6.197,7.959,38.08,18.36,102.4,17.92717809,LC
Ploceus_nigricollis,Ploceidae,Passeriformes,27.1,NA,1.7,2.32,NA,NA,NA,0,1800,46600,1,17.525,11.3,5.975,7.15,20.05,11.8,73.625,15.95874035,LC
Pluvianellus_socialis,Chionidae,Charadriiformes,84.3,NA,2,11.3,NA,NA,NA,0,1200,3100,2,17.13833333,10.98833333,2.938333333,3.456666667,18.98666667,70.82666667,136.5,51.92585291,NT
Podargus_strigoides,Podargidae,Caprimulgiformes,325.5,4.651,2,25,NA,NA,30,0,1500,49500,1,39.15,22.125,29.275,19.6,29.025,62.975,228.75,27.46799305,LC
Podiceps_cristatus,Podicipedidae,Podicipediformes,738.5,3.457,3.5,39.5,19.25,NA,28,0,3400,295500,1,58.4,35.4,6.525,10.8,59.8,80.075,182.75,43.84020697,LC
Podilymbus_podiceps,Podicipedidae,Podicipediformes,416,3.16,5.9,20.5,NA,NA,22.7,0,3200,199600,2,30.95,14.125,5.375,9.65,39.275,44.2,123.5,35.78235635,LC
Poecile_atricapillus,Paridae,Passeriformes,11.4,0.775,7,1.16,NA,0.413,12.5,0,3200,153900,1,9.7,6.825,3.175,3.9,16.62,11.625,63.6,18.23100597,LC
Polioptila_caerulea,Polioptilidae,Passeriformes,5.8,0.26,4,0.98,4.2,NA,NA,0,2500,73800,3,10.98714286,7.384285714,2.804285714,2.295714286,15.76428571,9.632857143,50.42857143,19.08536544,LC
Pomatorhinus_ruficollis,Timaliidae,Passeriformes,31.7,1.775,NA,3.94,NA,NA,NA,30,3500,36600,1,22.625,15.55,3.35,5.375,27.83333333,7.725,77.5,10.00654519,LC
Pomatostomus_ruficeps,Pomatostomidae,Passeriformes,57.8,2.35,4,4.15,NA,NA,20,70,200,8200,2,27.425,17.85,3.95,6.55,27.6,10.05,85.5,11.73243956,LC
Probosciger_aterrimus,Psittacidae,Psittaciformes,841,20.5,1,42.8,100,NA,30.75,0,1350,12400,1,89.475,72.975,30.225,84.9,31.775,99.875,345.25,28.92773083,LC
Promerops_cafer,Promeropidae,Passeriformes,34.9,1.174,2.1,3.81,NA,NA,17,0,800,2300,2,36.14,22.625,3.7,3.775,23.68,19.425,95,20.49806255,LC
Prunella_fulvescens,Prunellidae,Passeriformes,18.9,NA,NA,NA,NA,NA,NA,1600,3850,63300,2,14.4,7.925,3.825,3.975,20,15.5,75.625,20.50233664,LC
Prunella_himalayana,Prunellidae,Passeriformes,26.7,NA,NA,NA,NA,NA,NA,2300,5500,32400,2,13.425,7.95,4.275,4.325,21.4,27.4,90.625,30.25846481,LC
Pseudopodoces_humilis,Paridae,Passeriformes,45.5,NA,5,3.2,NA,NA,15.2,3100,3300,22400,2,24.575,18.325,5,5.9,28.425,13.15,86.625,15.16598522,LC
Psilopogon_haemacephalus,Ramphastidae,Piciformes,44.6,NA,2.8,4.1,NA,NA,13,0,1700,70100,1,18.6375,14.8,9.55,9.525,19.4875,19.8125,79.125,25.0825522,LC
Psophia_crepitans,Psophiidae,Gruiformes,1026,5.85,3,60.3,NA,NA,27.5,0,700,24700,1,42.125,18.4,7.125,12,133.95,26.5,275.25,9.624414279,NT
Psophodes_occidentalis,Eupetidae,Passeriformes,39.8,1.33,2.5,NA,NA,NA,17,20,460,13700,1,15.1,8.95,4.25,6.4,24.025,10.175,78.5,12.94595771,LC
Pterocles_burchelli,Pteroclididae,Pterocliformes,181.3,NA,3,14,NA,NA,NA,550,1650,12800,1,16.85,6.825,4.225,4.8,24.7,83.2,159.25,52.24083005,LC
Pterocles_gutturalis,Pteroclididae,Pterocliformes,338,NA,3,30,NA,NA,25,580,2200,10200,2,21.175,9.725,4.625,6.3,29.925,115,212.25,54.2066444,LC
Pteruthius_melanotis,Timaliidae,Passeriformes,13.3,NA,NA,NA,NA,NA,NA,40,2400,11300,1,10.7,5.45,3.575,3.975,18.225,10.9,58.5,18.64734264,LC
Ptilonorhynchus_violaceus,Ptilonorhynchidae,Passeriformes,219,4.646,1.9,20,21,NA,20,30,1000,5900,1,35.3,17.45,9.725,11.475,49.9,30.475,164,18.61055332,LC
Ptilorrhoa_leucosticta,Eupetidae,Passeriformes,49.2,1.59,NA,NA,NA,NA,NA,1750,2400,4300,1,21.725,11.85,3.8,4.45,30.9625,5.383333333,81.75,6.651032248,LC
Pycnonotus_jocosus,Pycnonotidae,Passeriformes,29.6,0.927,3,2.97,11.17,NA,13,0,2000,53400,1,17.2625,9.125,4.4375,4.775,20.6125,12.4,87.1875,14.25432338,LC
Pygoscelis_adeliae,Spheniscidae,Sphenisciformes,4850,19.66,1.9,124,18,0.275,33.5,30,110,7000,2,59,24.25,13.675,17.675,31.775,7.2,96.675,7.451041112,LC
Quiscalus_mexicanus,Icteridae,Passeriformes,160.5,3.062,3.4,7.8,12.5,NA,13.5,0,2335,52200,1,42.125,29.3,8.125,12.525,46.775,46.05,172.5,26.79148356,LC
Ramphastos_sulfuratus,Ramphastidae,Piciformes,410.3,5.124,2,17.5,NA,NA,NA,0,1900,10200,1,134.9625,132.05,33.8625,45.825,47.375,29.875,202.375,14.75055594,LC
Regulus_satrapa,Regulidae,Passeriformes,6.2,0.37,8.3,0.76,6.33,NA,14.5,0,3500,96300,3,8.925,5.375,2.15,2.475,16.625,13.375,56.75,23.55921577,LC
Rhabdornis_inornatus,Rhabdornithidae,Passeriformes,39.1,1.53,NA,NA,NA,NA,NA,800,1100,2900,1,18.8697561,10.81333333,4.276666667,5.426666667,21.19829268,27.06,88.0204878,30.36905022,LC
Rhadina_sibilatrix,Sylviidae,Passeriformes,9.2,0.355,5.9,1.32,10.25,0.614,13,0,1600,127000,3,12.6,6.65,2.875,2.75,18.45,23.225,74.375,31.25891997,LC
Rhagologus_leucostigma,Pachycephalidae,Passeriformes,26.8,0.9,NA,NA,NA,NA,NA,1500,2550,4000,1,17.2,9.625,4.15,5.525,20.19,19.5,87.1,22.20827781,LC
Rhea_americana,Rheidae,Struthioniformes,23000,18.88,22.6,609.3,50,NA,36.5,0,1200,68600,1,91.325,35.65,28.425,17.775,308,0.1,604.5,0.016588323,NT
Rhea_pennata,Rheidae,Struthioniformes,23900,NA,17.3,NA,NA,NA,40,0,4500,14600,1,67.15,33.15,24.975,16.05,292.5,0.1,629.5,0.016167494,LC
Rhegmatorhina_hoffmannsi,Thamnophilidae,Passeriformes,31.4,NA,NA,NA,NA,NA,NA,10,340,4500,1,19.4,12.1975,4.7,5.0075,28.3425,9.7475,80.25,12.14521605,NT
Rhinopomastus_cyanomelas,Phoeniculidae,Bucerotiformes,28,NA,2.8,3.2,NA,NA,15,0,2150,56500,1,40.375,34.65,4.525,5.475,18.725,21.25,105.75,20.08644569,LC
Rhinoptilus_africanus,Glareolidae,Charadriiformes,87.5,NA,1,10.4,NA,NA,26.5,0,1800,27800,1,15.675,8.95,3.15,3.675,51.625,64.25,147,43.71009751,LC
Rhipidura_dahli,Rhipiduridae,Passeriformes,9.9,0.385,NA,NA,NA,NA,NA,900,2150,1200,1,12.2225,6.3525,4.29,3.275,16.7375,12.075,65.25,18.51402244,LC
Rhodinocichla_rosea,Thraupidae,Passeriformes,48,1.342,2,NA,NA,NA,NA,0,1800,3900,1,22.325,13.7,4.275,5.575,25.525,7.225,78.75,9.088181526,LC
Rhynochetos_jubatus,Rhynochetidae,Eurypygiformes,860,NA,1,70,NA,NA,35,0,1400,400,1,67.2,42.175,9.775,17.025,100.025,37.1,264.3333333,14.02870492,EN
Rissa_tridactyla,Laridae,Charadriiformes,434,4.31,2,48,28.5,0.195,27.3,0,340,67900,2,45.3,18.825,5.175,10.625,32.6,178.25,294.25,60.57864583,LC
Rostratula_benghalensis,Rostratulidae,Charadriiformes,121,1.415,3.7,12.4,NA,NA,19,0,3000,198100,2,49.625,39.75,4.025,6.525,43.7,38.5,122,31.59115613,LC
Rynchops_niger,Laridae,Charadriiformes,301.5,2.645,2.9,26.9,20.25,NA,23.5,0,600,61600,2,89.075,69.425,6.9,24.3,32.75,246.5,365.75,67.4197195,LC
Sagittarius_serpentarius,Accipitridae,Accipitriformes,4017,14.746,2,130,18.6,NA,43,0,3150,107300,2,60.425,40.2,19,23.275,275.5,250.25,615.5,40.59750076,VU
Sakesphorus_luctuosus,Thamnophilidae,Passeriformes,31.4,1.185,NA,NA,NA,NA,NA,0,300,13200,1,24.085,14.5,5.9,6.9225,23.8525,8.465,79.9175,10.6359549,LC
Sapayoa_aenigma,Sapayoaidae,Passeriformes,20.8,0.645,NA,NA,NA,NA,NA,0,1100,2000,1,16.906,10.29,7.685,5.02,14.00937,15.25,80.6666,18.98600772,LC
Saxicola_maurus,Muscicapidae,Passeriformes,15.5,0.62,5.1,1.97,8.83,NA,14.5,20,3900,174100,3,13.025,7.85,3.45,3.35,20.525,13.7,68.875,19.9009278, NA
Sclerurus_mexicanus,Furnariidae,Passeriformes,25.1,0.794,2,NA,NA,NA,NA,360,2200,4400,1,24.6225,17.89909091,3.469090909,4.096363636,21.74727273,10.29272727,78.88818182,13.03733771,LC
Scopus_umbretta,Scopidae,Pelecaniformes,472,4.25,4.3,28.5,NA,NA,28,0,1600,154300,2,82.975,62.8,13.475,22.7,65.375,108,299,36.07840977,LC
Scytalopus_superciliaris,Rhinocryptidae,Passeriformes,17.8,NA,2,NA,NA,NA,NA,1500,3350,800,1,12.925,5.325,2.85,3.575,19.25,8.075,52.25,15.48005436,LC
Semnornis_frantzii,Ramphastidae,Piciformes,57.3,NA,4.5,NA,NA,NA,14.5,800,2450,600,1,18.275,12.625,7.275,9.925,24.975,12.175,89,13.68797485,LC
Serilophus_lunatus,Eurylaimidae,Passeriformes,34,1.09,3.7,3.65,NA,NA,NA,150,2000,14000,1,15,10.8,9.775,6.825,17.1,15.825,81.25,19.52303792,LC
Serinus_canaria,Fringillidae,Passeriformes,24.3,0.681,3.7,1.54,24,NA,13.5,10,2100,1900,1,12.175,7.075,4.95,6.475,15.625,19.75,71.25,27.69138043,LC
Setophaga_coronata,Parulidae,Passeriformes,11.8,0.51,4.1,1.66,NA,0.555,12.5,0,4000,173000,3,11.575,7.175,3.3,3.5,18.25,16.45,69,23.93049226, NA
Setophaga_kirtlandii,Parulidae,Passeriformes,14,0.57,4.6,1.9,NA,0.581,14.2,50,375,300,3,13.3275,7.935,3.82,3.9175,20.4675,14.325,69.9925,20.49424262,NT
Sinosuthora_webbiana,Timaliidae,Passeriformes,10.9,0.774,NA,NA,NA,NA,14,0,1500,35400,1,8.7,5.375,3.5,5.775,19.475,6.975,50.25,13.89353818,LC
Sitta_europaea,Sittidae,Passeriformes,22.6,1.023,7.6,2.25,12.92,0.525,14.8,0,3200,300200,1,19.35,13.625,4.85,4.65,20.6,20.85,84.75,24.58391519,LC
Smithornis_capensis,Eurylaimidae,Passeriformes,23.2,0.782,2.4,2.9,NA,NA,16.5,40,2160,36500,1,14.775,10.4,9.875,6.075,16.325,10.1,68,14.8082824,LC
Spizaetus_tyrannus,Accipitridae,Accipitriformes,1013,NA,2,NA,NA,NA,NA,0,2000,80900,1,42.925,24.925,12.225,21.225,81.125,68.625,384.25,17.86653273,LC
Spizella_passerina,Emberizidae,Passeriformes,12.2,NA,3.7,1.6,11.8,0.6,11.5,0,3800,184500,3,13.375,7,4.025,4.675,16.075,16.3,67.25,24.23119088,LC
Sporophila_hypoxantha,Emberizidae,Passeriformes,NA,NA,NA,NA,NA,NA,NA,0,1187,21600,2,9.85,6.35,4.2,5.875,13.625,13.225,53.25,24.82507587,LC
Steatornis_caripensis,Steatornithidae,Caprimulgiformes,408,NA,2.8,21.5,NA,NA,33.5,0,3280,7700,1,35.7875,18.175,9.825,14.45,19.5625,119.0375,315.5,37.64517293,LC
Stercorarius_parasiticus,Stercorariidae,Charadriiformes,445.5,3.895,1.9,49,31.1,0.199,26.5,0,700,97600,3,36.225,11.9875,5.6,8.95,41.35,189.5,319.625,59.22794234,LC
Sterrhoptilus_dennistouni,Timaliidae,Passeriformes,15.7,NA,NA,NA,NA,NA,NA,0,1150,900,1,16.32,9.88,3.315,4.345,18.0375,10.4525,66.1075,15.79401549,NT
Strix_occidentalis,Strigidae,Strigiformes,588.7,NA,2.1,46,25,0.156,30,0,2896,13300,1,36.9,18,10.575,16.6,56.975,105.55,320,32.99202255,NT
Struthidea_cinerea,Corcoracidae,Passeriformes,132,3.001,3.4,7.9,25,NA,16.6,50,480,22400,1,23.725,13.35,7.25,11.375,37.575,24.3,149,16.30897464,LC
Struthio_camelus,Struthionidae,Struthioniformes,111000,NA,10.4,1500,50,NA,46,20,2000,86900,1,85.05,51.15,47.8,24.025,481.25,0.1,579,0.017409675,LC
Sturnus_vulgaris,Sturnidae,Passeriformes,86,1.717,5.2,7,22.92,0.481,12.2,0,2500,256300,2,30.45,17.825,6.525,6.375,28.175,49.075,128.125,38.30557803,LC
Sula_dactylatra,Sulidae,Suliformes,1713,NA,1.7,77,25.5,0.086,41.5,0,70,9100,2,95.95,95.95,26.2,34.225,54.025,257.25,412.25,62.40993857,LC
Sylvia_atricapilla,Sylviidae,Passeriformes,16.7,0.59,4.6,2.19,13.83,0.563,11.5,0,2200,164000,3,13.82,7.175,3.225,3.4,20.784,21.3,75.1,28.05616403,LC
Sylvia_borin,Sylviidae,Passeriformes,18.2,0.568,4.4,2.23,24,0.67,11.9,0,2300,165400,3,13.652,7.2,3.65,3.65,20.726,23.85,78.8,30.26614238,LC
Sylvietta_virens,Sylviidae,Passeriformes,8.4,NA,2,1.03,NA,NA,NA,20,2300,34900,1,11.966,7.125,2.325,2.625,16.106,3.4,47,7.364583333,LC
Syrrhaptes_paradoxus,Pteroclididae,Pterocliformes,257,NA,2.8,21,NA,NA,24.5,120,3250,83300,2,15.625,7.65,4.45,4.9,17.175,166,232.75,71.26127621,LC
Tachuris_rubrigastra,Tyrannidae,Passeriformes,7.8,0.415,3.5,NA,NA,NA,NA,0,4300,25200,1,15.96,6.98,2.44,2.32,18.42,9.12,50.5,18.04993825,LC
Taeniopygia_guttata,Estrildidae,Passeriformes,12.1,0.415,4.6,0.98,14.5,NA,14,0,2300,2800,2,9.9,6.975,5.25,6.025,13.3,10.825,51,21.25173454,LC
Tauraco_erythrolophus,Musophagidae,Musophagiformes,267.5,NA,NA,NA,NA,NA,NA,15,1267,2300,1,25.8,14.875,8.175,13.4,39.55,17.625,170.5,10.35279009,LC
Thalassarche_chlororhynchos,Diomedeidae,Procellariiformes,2130,NA,1,205,37,NA,66.5,0,500,300,2,113,83.825,19.15,30.35,70.95,313.75,465,67.53044602,EN
Thinocorus_orbignyianus,Thinocoridae,Charadriiformes,115,NA,4,15.5,NA,NA,NA,1000,4700,16500,1,16.35,8.425,5.675,5.825,24.175,67.575,140,48.21000478,LC
Thryothorus_ludovicianus,Troglodytidae,Passeriformes,20,0.87,4.5,2.25,9.2,NA,14.8,0,3300,40700,1,16.61916667,11.0575,3.2775,3.885,21.19272727,6.8225,59.40909091,11.40086673,LC
Tichodroma_muraria,Sittidae,Passeriformes,17.6,0.63,4.2,2.33,NA,NA,NA,650,5100,42500,2,32.35,20.5,3.325,2.875,22.6,18.575,98.875,18.79818989,LC
Tinamus_guttatus,Tinamidae,Struthioniformes,688,NA,5.5,NA,NA,NA,NA,0,1100,36100,1,33.12375,10.7575,4.96125,5.30125,57.61125,50.9125,195.375,26.40499811,NT
Todus_mexicanus,Todidae,Coraciiformes,5.9,0.401,2.5,1.44,12.58,NA,21.5,0,1000,500,1,17.4,12.425,4.325,3.1,13.125,5,41,12.19512195,LC
Toxostoma_redivivum,Mimidae,Passeriformes,84.4,NA,3.3,6.3,6.92,NA,NA,0,2000,4600,1,40.54,30.475,6.45,7.025,36.28,9.825,102,9.5226603,LC
Tricholaema_leucomelas,Ramphastidae,Piciformes,32.2,0.95,2.3,3,NA,NA,15,170,1500,33100,1,18.975,13.625,8.725,10.475,20.625,12.825,79,16.24539701,LC
Trogon_melanurus,Trogonidae,Trogoniformes,114,1.86,2.4,NA,NA,NA,NA,0,1400,60800,1,24.06625,15.4675,10.1225,13.3125,13.655,51.755,150.25,34.45569036,LC
Turdus_merula,Turdidae,Passeriformes,103.2,1.708,3.7,7.2,21.83,0.354,13.1,0,2900,164500,1,26.825,15.55,5.65,7.675,34.225,34.375,142.75,24.0628635,LC
Turnix_velox,Turnicidae,Charadriiformes,45,0.6,3.6,4.2,NA,NA,15,0,1000,38400,1,12.525,7.325,4.35,6.625,17.275,26.75,75.7,35.10754997,LC
Tympanuchus_cupido,Phasianidae,Galliformes,876.2,NA,10.6,24.5,13.5,0.53,24,200,1100,5400,1,23.475,12.525,8.675,8.8,41.675,86.425,202.5,42.68803845,VU
Tyrannus_savana,Tyrannidae,Passeriformes,31.9,0.73,2.5,NA,NA,NA,15.5,0,2600,68400,3,18.1875,11.445,6.4725,5.245,17.4025,28.5975,103.25,27.58223388,LC
Tyto_alba,Tytonidae,Strigiformes,446.3,5.37,5.6,20.7,34,0.39,31,0,4300,306800,1,30.325,16.665,8.2,12.5875,51.3475,113.8775,274.7525,41.40162173,LC
Upupa_epops,Upupidae,Bucerotiformes,61.4,1.231,4.8,4.4,11.1,0.589,15.5,0,4600,372500,3,57.6625,48.55,5.7125,6.35,21.425,31.5625,144.75,21.7746589,LC
Uria_aalge,Alcidae,Charadriiformes,992.5,5.63,1,108,42.83,0.081,32.4,0,500,45800,3,57.525,37.275,8.4,13.75,35.55,111.25,193.5,57.50631211,LC
Uria_lomvia,Alcidae,Charadriiformes,964,5.3,1,98.5,29,0.12,33,0,100,43800,3,49.4,27.325,8.575,14.5,33.475,106.75,206,51.82876446,LC
Urocolius_indicus,Coliidae,Coliiformes,53.9,1.07,3.1,2.7,NA,NA,13,0,2200,46200,1,13.675,9.075,6.9,7.125,20.65,29.925,93.5,32.04650821,LC
Urocynchramus_pylzowi,Urocynchramidae,Passeriformes,NA,NA,NA,NA,NA,NA,NA,3500,4300,8800,1,12.7,7.35,3.925,4.575,21.95,10.85,73.5,14.80135686,LC
Vidua_chalybeata,Viduidae,Passeriformes,12.5,NA,3,1.1,NA,NA,NA,0,1750,79600,1,10.06,6.025,3.75,5.375,14.02,13.325,63.2,21.32031274,LC
Vidua_macroura,Viduidae,Passeriformes,15.8,NA,3.5,1.18,NA,NA,NA,30,2400,129800,1,10.96,6.275,4.05,6.275,15.98,13.75,67,20.47088763,LC
Vireo_altiloquus,Vireonidae,Passeriformes,19,0.751,2.7,2.7,NA,NA,14,0,1200,9700,1,20.575,12.025,4.1,4.65,19.9,19.925,77.75,25.63094825,LC
Xiphorhynchus_elegans,Dendrocolaptidae,Passeriformes,34.1,NA,2,NA,NA,NA,16,0,700,28100,1,31.52888889,22.38409091,5.738636364,6.191363636,22.01727273,19.31772727,96.28636364,20.08497637,LC
Zapornia_atra,Rallidae,Gruiformes,77.5,1.275,2.3,13,NA,NA,21,0,35,100,1,22,11.36666667,2.8,5.366666667,30.36666667,19.66666667,80,24.49283312,VU
Zonotrichia_albicollis,Emberizidae,Passeriformes,24.4,1.027,4.1,2.77,14.92,0.39,12,0,3500,90700,3,13.448,8.432,5.136,6.264,23.428,14.506,73.3,19.75824595,LC
Zosterops_hypoxanthus,Zosteropidae,Passeriformes,12.5,0.52,2.4,1.42,NA,NA,NA,800,1450,2400,1,12.8375,7.34,3.17,4,15.9975,10.05,56.875,17.67344312,LC
Zosterops_lateralis,Zosteropidae,Passeriformes,12.9,0.45,2.9,1.3,8.17,0.1,11.5,0,1750,38300,1,12.025,6.8,2.525,3.15,16.275,16.025,60.625,26.42925629,LC
